"rainfall","B"
"nbr.val",100,32
"nbr.null",0,0
"nbr.na",0,68
"min",79.85,5
"max",246.92,400
"range",167.07,395
"sum",13277.97,3952.26
"median",127.075,108.935
"mean",132.7797,123.508125
"SE.mean",3.34509519260301,12.5761385558248
"CI.mean.0.95",6.63739458583312,25.6492036883489
"var",1118.96618475758,5061.09635120968
"std.dev",33.4509519260301,71.1413828317223
"coef.var",0.25192820834834,0.57600569057074
